,MAE,RMSE,R2
Linear Regression,0.0004702738704853073,0.0008451004754371007,0.9999999994848042
Decision Tree,2.2710843373493974,3.3279575124720684,0.9920106557748694
Random Forest,1.5710240963855433,2.5145816318291465,0.9954387165116971
XGBoost,1.2961136002138436,2.037918972457642,0.9970040855189579
